3002,Иванов,Иван,Степанович,2022-10-27,
3003,Иванов,Иван,Васильевич,2022-10-27,
3004,Иванов,Иван,Федорович,2022-10-27,
3005,Иванов,Иван,Петрович,2022-10-27,
3006,Иванов,Иван,Олегович,2022-10-27,
3007,Иванов,Иван,Маратович,2022-10-27,
3008,Иванов,Иван,Кузьмич,2022-10-27,
3009,Иванов,Иван,Анатольевич,2022-10-27,
3010,Иванов,Иван,Федотович,2022-10-27,
3011,Иванов,Степан,Иванович,2022-10-27,
3012,Иванов,Степан,Степанович,2022-10-27,
3013,Иванов,Степан,Васильевич,2022-10-27,
3014,Иванов,Степан,Федорович,2022-10-27,
3015,Иванов,Степан,Петрович,2022-10-27,
3016,Иванов,Степан,Олегович,2022-10-27,
3017,Иванов,Степан,Маратович,2022-10-27,
3018,Иванов,Степан,Кузьмич,2022-10-27,
3019,Иванов,Степан,Анатольевич,2022-10-27,
3020,Иванов,Степан,Федотович,2022-10-27,
3021,Иванов,Василий,Иванович,2022-10-27,
3022,Иванов,Василий,Степанович,2022-10-27,
3023,Иванов,Василий,Васильевич,2022-10-27,
3024,Иванов,Василий,Федорович,2022-10-27,
3025,Иванов,Василий,Петрович,2022-10-27,
3026,Иванов,Василий,Олегович,2022-10-27,
3027,Иванов,Василий,Маратович,2022-10-27,
3028,Иванов,Василий,Кузьмич,2022-10-27,
3029,Иванов,Василий,Анатольевич,2022-10-27,
3030,Иванов,Василий,Федотович,2022-10-27,
3031,Иванов,Федор,Иванович,2022-10-27,
3032,Иванов,Федор,Степанович,2022-10-27,
3033,Иванов,Федор,Васильевич,2022-10-27,
3034,Иванов,Федор,Федорович,2022-10-27,
3035,Иванов,Федор,Петрович,2022-10-27,
3036,Иванов,Федор,Олегович,2022-10-27,
3037,Иванов,Федор,Маратович,2022-10-27,
3038,Иванов,Федор,Кузьмич,2022-10-27,
3039,Иванов,Федор,Анатольевич,2022-10-27,
3040,Иванов,Федор,Федотович,2022-10-27,
3041,Иванов,Никита,Иванович,2022-10-27,
3042,Иванов,Никита,Степанович,2022-10-27,
3043,Иванов,Никита,Васильевич,2022-10-27,
3044,Иванов,Никита,Федорович,2022-10-27,
3045,Иванов,Никита,Петрович,2022-10-27,
3046,Иванов,Никита,Олегович,2022-10-27,
3047,Иванов,Никита,Маратович,2022-10-27,
3048,Иванов,Никита,Кузьмич,2022-10-27,
3049,Иванов,Никита,Анатольевич,2022-10-27,
3050,Иванов,Никита,Федотович,2022-10-27,
3051,Иванов,Петр,Иванович,2022-10-27,
3052,Иванов,Петр,Степанович,2022-10-27,
3053,Иванов,Петр,Васильевич,2022-10-27,
3054,Иванов,Петр,Федорович,2022-10-27,
3055,Иванов,Петр,Петрович,2022-10-27,
3056,Иванов,Петр,Олегович,2022-10-27,
3057,Иванов,Петр,Маратович,2022-10-27,
3058,Иванов,Петр,Кузьмич,2022-10-27,
3059,Иванов,Петр,Анатольевич,2022-10-27,
3060,Иванов,Петр,Федотович,2022-10-27,
3061,Иванов,Олег,Иванович,2022-10-27,
3062,Иванов,Олег,Степанович,2022-10-27,
3063,Иванов,Олег,Васильевич,2022-10-27,
3064,Иванов,Олег,Федорович,2022-10-27,
3065,Иванов,Олег,Петрович,2022-10-27,
3066,Иванов,Олег,Олегович,2022-10-27,
3067,Иванов,Олег,Маратович,2022-10-27,
3068,Иванов,Олег,Кузьмич,2022-10-27,
3069,Иванов,Олег,Анатольевич,2022-10-27,
3070,Иванов,Олег,Федотович,2022-10-27,
3071,Иванов,Федот,Иванович,2022-10-27,
3072,Иванов,Федот,Степанович,2022-10-27,
3073,Иванов,Федот,Васильевич,2022-10-27,
3074,Иванов,Федот,Федорович,2022-10-27,
3075,Иванов,Федот,Петрович,2022-10-27,
3076,Иванов,Федот,Олегович,2022-10-27,
3077,Иванов,Федот,Маратович,2022-10-27,
3078,Иванов,Федот,Кузьмич,2022-10-27,
3079,Иванов,Федот,Анатольевич,2022-10-27,
3080,Иванов,Федот,Федотович,2022-10-27,
3081,Иванов,Кузьма,Иванович,2022-10-27,
3082,Иванов,Кузьма,Степанович,2022-10-27,
3083,Иванов,Кузьма,Васильевич,2022-10-27,
3084,Иванов,Кузьма,Федорович,2022-10-27,
3085,Иванов,Кузьма,Петрович,2022-10-27,
3086,Иванов,Кузьма,Олегович,2022-10-27,
3087,Иванов,Кузьма,Маратович,2022-10-27,
3088,Иванов,Кузьма,Кузьмич,2022-10-27,
3089,Иванов,Кузьма,Анатольевич,2022-10-27,
3090,Иванов,Кузьма,Федотович,2022-10-27,
3091,Иванов,Лев,Иванович,2022-10-27,
3092,Иванов,Лев,Степанович,2022-10-27,
3093,Иванов,Лев,Васильевич,2022-10-27,
3094,Иванов,Лев,Федорович,2022-10-27,
3095,Иванов,Лев,Петрович,2022-10-27,
3096,Иванов,Лев,Олегович,2022-10-27,
3097,Иванов,Лев,Маратович,2022-10-27,
3098,Иванов,Лев,Кузьмич,2022-10-27,
3099,Иванов,Лев,Анатольевич,2022-10-27,
3100,Иванов,Лев,Федотович,2022-10-27,
3101,Петров,Иван,Иванович,2022-10-27,
3102,Петров,Иван,Степанович,2022-10-27,
3103,Петров,Иван,Васильевич,2022-10-27,
3104,Петров,Иван,Федорович,2022-10-27,
3105,Петров,Иван,Петрович,2022-10-27,
3106,Петров,Иван,Олегович,2022-10-27,
3107,Петров,Иван,Маратович,2022-10-27,
3108,Петров,Иван,Кузьмич,2022-10-27,
3109,Петров,Иван,Анатольевич,2022-10-27,
3110,Петров,Иван,Федотович,2022-10-27,
3111,Петров,Степан,Иванович,2022-10-27,
3112,Петров,Степан,Степанович,2022-10-27,
3113,Петров,Степан,Васильевич,2022-10-27,
3114,Петров,Степан,Федорович,2022-10-27,
3115,Петров,Степан,Петрович,2022-10-27,
3116,Петров,Степан,Олегович,2022-10-27,
3117,Петров,Степан,Маратович,2022-10-27,
3118,Петров,Степан,Кузьмич,2022-10-27,
3119,Петров,Степан,Анатольевич,2022-10-27,
3120,Петров,Степан,Федотович,2022-10-27,
3121,Петров,Василий,Иванович,2022-10-27,
3122,Петров,Василий,Степанович,2022-10-27,
3123,Петров,Василий,Васильевич,2022-10-27,
3124,Петров,Василий,Федорович,2022-10-27,
3125,Петров,Василий,Петрович,2022-10-27,
3126,Петров,Василий,Олегович,2022-10-27,
3127,Петров,Василий,Маратович,2022-10-27,
3128,Петров,Василий,Кузьмич,2022-10-27,
3129,Петров,Василий,Анатольевич,2022-10-27,
3130,Петров,Василий,Федотович,2022-10-27,
3131,Петров,Федор,Иванович,2022-10-27,
3132,Петров,Федор,Степанович,2022-10-27,
3133,Петров,Федор,Васильевич,2022-10-27,
3134,Петров,Федор,Федорович,2022-10-27,
3135,Петров,Федор,Петрович,2022-10-27,
3136,Петров,Федор,Олегович,2022-10-27,
3137,Петров,Федор,Маратович,2022-10-27,
3138,Петров,Федор,Кузьмич,2022-10-27,
3139,Петров,Федор,Анатольевич,2022-10-27,
3140,Петров,Федор,Федотович,2022-10-27,
3141,Петров,Никита,Иванович,2022-10-27,
3142,Петров,Никита,Степанович,2022-10-27,
3143,Петров,Никита,Васильевич,2022-10-27,
3144,Петров,Никита,Федорович,2022-10-27,
3145,Петров,Никита,Петрович,2022-10-27,
3146,Петров,Никита,Олегович,2022-10-27,
3147,Петров,Никита,Маратович,2022-10-27,
3148,Петров,Никита,Кузьмич,2022-10-27,
3149,Петров,Никита,Анатольевич,2022-10-27,
3150,Петров,Никита,Федотович,2022-10-27,
3151,Петров,Петр,Иванович,2022-10-27,
3152,Петров,Петр,Степанович,2022-10-27,
3153,Петров,Петр,Васильевич,2022-10-27,
3154,Петров,Петр,Федорович,2022-10-27,
3155,Петров,Петр,Петрович,2022-10-27,
3156,Петров,Петр,Олегович,2022-10-27,
3157,Петров,Петр,Маратович,2022-10-27,
3158,Петров,Петр,Кузьмич,2022-10-27,
3159,Петров,Петр,Анатольевич,2022-10-27,
3160,Петров,Петр,Федотович,2022-10-27,
3161,Петров,Олег,Иванович,2022-10-27,
3162,Петров,Олег,Степанович,2022-10-27,
3163,Петров,Олег,Васильевич,2022-10-27,
3164,Петров,Олег,Федорович,2022-10-27,
3165,Петров,Олег,Петрович,2022-10-27,
3166,Петров,Олег,Олегович,2022-10-27,
3167,Петров,Олег,Маратович,2022-10-27,
3168,Петров,Олег,Кузьмич,2022-10-27,
3169,Петров,Олег,Анатольевич,2022-10-27,
3170,Петров,Олег,Федотович,2022-10-27,
3171,Петров,Федот,Иванович,2022-10-27,
3172,Петров,Федот,Степанович,2022-10-27,
3173,Петров,Федот,Васильевич,2022-10-27,
3174,Петров,Федот,Федорович,2022-10-27,
3175,Петров,Федот,Петрович,2022-10-27,
3176,Петров,Федот,Олегович,2022-10-27,
3177,Петров,Федот,Маратович,2022-10-27,
3178,Петров,Федот,Кузьмич,2022-10-27,
3179,Петров,Федот,Анатольевич,2022-10-27,
3180,Петров,Федот,Федотович,2022-10-27,
3181,Петров,Кузьма,Иванович,2022-10-27,
3182,Петров,Кузьма,Степанович,2022-10-27,
3183,Петров,Кузьма,Васильевич,2022-10-27,
3184,Петров,Кузьма,Федорович,2022-10-27,
3185,Петров,Кузьма,Петрович,2022-10-27,
3186,Петров,Кузьма,Олегович,2022-10-27,
3187,Петров,Кузьма,Маратович,2022-10-27,
3188,Петров,Кузьма,Кузьмич,2022-10-27,
3189,Петров,Кузьма,Анатольевич,2022-10-27,
3190,Петров,Кузьма,Федотович,2022-10-27,
3191,Петров,Лев,Иванович,2022-10-27,
3192,Петров,Лев,Степанович,2022-10-27,
3193,Петров,Лев,Васильевич,2022-10-27,
3194,Петров,Лев,Федорович,2022-10-27,
3195,Петров,Лев,Петрович,2022-10-27,
3196,Петров,Лев,Олегович,2022-10-27,
3197,Петров,Лев,Маратович,2022-10-27,
3198,Петров,Лев,Кузьмич,2022-10-27,
3199,Петров,Лев,Анатольевич,2022-10-27,
3200,Петров,Лев,Федотович,2022-10-27,
3201,Сидоров,Иван,Иванович,2022-10-27,
3202,Сидоров,Иван,Степанович,2022-10-27,
3203,Сидоров,Иван,Васильевич,2022-10-27,
3204,Сидоров,Иван,Федорович,2022-10-27,
3205,Сидоров,Иван,Петрович,2022-10-27,
3206,Сидоров,Иван,Олегович,2022-10-27,
3207,Сидоров,Иван,Маратович,2022-10-27,
3208,Сидоров,Иван,Кузьмич,2022-10-27,
3209,Сидоров,Иван,Анатольевич,2022-10-27,
3210,Сидоров,Иван,Федотович,2022-10-27,
3211,Сидоров,Степан,Иванович,2022-10-27,
3212,Сидоров,Степан,Степанович,2022-10-27,
3213,Сидоров,Степан,Васильевич,2022-10-27,
3214,Сидоров,Степан,Федорович,2022-10-27,
3215,Сидоров,Степан,Петрович,2022-10-27,
3216,Сидоров,Степан,Олегович,2022-10-27,
3217,Сидоров,Степан,Маратович,2022-10-27,
3218,Сидоров,Степан,Кузьмич,2022-10-27,
3219,Сидоров,Степан,Анатольевич,2022-10-27,
3220,Сидоров,Степан,Федотович,2022-10-27,
3221,Сидоров,Василий,Иванович,2022-10-27,
3222,Сидоров,Василий,Степанович,2022-10-27,
3223,Сидоров,Василий,Васильевич,2022-10-27,
3224,Сидоров,Василий,Федорович,2022-10-27,
3225,Сидоров,Василий,Петрович,2022-10-27,
3226,Сидоров,Василий,Олегович,2022-10-27,
3227,Сидоров,Василий,Маратович,2022-10-27,
3228,Сидоров,Василий,Кузьмич,2022-10-27,
3229,Сидоров,Василий,Анатольевич,2022-10-27,
3230,Сидоров,Василий,Федотович,2022-10-27,
3231,Сидоров,Федор,Иванович,2022-10-27,
3232,Сидоров,Федор,Степанович,2022-10-27,
3233,Сидоров,Федор,Васильевич,2022-10-27,
3234,Сидоров,Федор,Федорович,2022-10-27,
3235,Сидоров,Федор,Петрович,2022-10-27,
3236,Сидоров,Федор,Олегович,2022-10-27,
3237,Сидоров,Федор,Маратович,2022-10-27,
3238,Сидоров,Федор,Кузьмич,2022-10-27,
3239,Сидоров,Федор,Анатольевич,2022-10-27,
3240,Сидоров,Федор,Федотович,2022-10-27,
3241,Сидоров,Никита,Иванович,2022-10-27,
3242,Сидоров,Никита,Степанович,2022-10-27,
3243,Сидоров,Никита,Васильевич,2022-10-27,
3244,Сидоров,Никита,Федорович,2022-10-27,
3245,Сидоров,Никита,Петрович,2022-10-27,
3246,Сидоров,Никита,Олегович,2022-10-27,
3247,Сидоров,Никита,Маратович,2022-10-27,
3248,Сидоров,Никита,Кузьмич,2022-10-27,
3249,Сидоров,Никита,Анатольевич,2022-10-27,
3250,Сидоров,Никита,Федотович,2022-10-27,
3251,Сидоров,Петр,Иванович,2022-10-27,
3252,Сидоров,Петр,Степанович,2022-10-27,
3253,Сидоров,Петр,Васильевич,2022-10-27,
3254,Сидоров,Петр,Федорович,2022-10-27,
3255,Сидоров,Петр,Петрович,2022-10-27,
3256,Сидоров,Петр,Олегович,2022-10-27,
3257,Сидоров,Петр,Маратович,2022-10-27,
3258,Сидоров,Петр,Кузьмич,2022-10-27,
3259,Сидоров,Петр,Анатольевич,2022-10-27,
3260,Сидоров,Петр,Федотович,2022-10-27,
3261,Сидоров,Олег,Иванович,2022-10-27,
3262,Сидоров,Олег,Степанович,2022-10-27,
3263,Сидоров,Олег,Васильевич,2022-10-27,
3264,Сидоров,Олег,Федорович,2022-10-27,
3265,Сидоров,Олег,Петрович,2022-10-27,
3266,Сидоров,Олег,Олегович,2022-10-27,
3267,Сидоров,Олег,Маратович,2022-10-27,
3268,Сидоров,Олег,Кузьмич,2022-10-27,
3269,Сидоров,Олег,Анатольевич,2022-10-27,
3270,Сидоров,Олег,Федотович,2022-10-27,
3271,Сидоров,Федот,Иванович,2022-10-27,
3272,Сидоров,Федот,Степанович,2022-10-27,
3273,Сидоров,Федот,Васильевич,2022-10-27,
3274,Сидоров,Федот,Федорович,2022-10-27,
3275,Сидоров,Федот,Петрович,2022-10-27,
3276,Сидоров,Федот,Олегович,2022-10-27,
3277,Сидоров,Федот,Маратович,2022-10-27,
3278,Сидоров,Федот,Кузьмич,2022-10-27,
3279,Сидоров,Федот,Анатольевич,2022-10-27,
3280,Сидоров,Федот,Федотович,2022-10-27,
3281,Сидоров,Кузьма,Иванович,2022-10-27,
3282,Сидоров,Кузьма,Степанович,2022-10-27,
3283,Сидоров,Кузьма,Васильевич,2022-10-27,
3284,Сидоров,Кузьма,Федорович,2022-10-27,
3285,Сидоров,Кузьма,Петрович,2022-10-27,
3286,Сидоров,Кузьма,Олегович,2022-10-27,
3287,Сидоров,Кузьма,Маратович,2022-10-27,
3288,Сидоров,Кузьма,Кузьмич,2022-10-27,
3289,Сидоров,Кузьма,Анатольевич,2022-10-27,
3290,Сидоров,Кузьма,Федотович,2022-10-27,
3291,Сидоров,Лев,Иванович,2022-10-27,
3292,Сидоров,Лев,Степанович,2022-10-27,
3293,Сидоров,Лев,Васильевич,2022-10-27,
3294,Сидоров,Лев,Федорович,2022-10-27,
3295,Сидоров,Лев,Петрович,2022-10-27,
3296,Сидоров,Лев,Олегович,2022-10-27,
3297,Сидоров,Лев,Маратович,2022-10-27,
3298,Сидоров,Лев,Кузьмич,2022-10-27,
3299,Сидоров,Лев,Анатольевич,2022-10-27,
3300,Сидоров,Лев,Федотович,2022-10-27,
3301,Николаев,Иван,Иванович,2022-10-27,
3302,Николаев,Иван,Степанович,2022-10-27,
3303,Николаев,Иван,Васильевич,2022-10-27,
3304,Николаев,Иван,Федорович,2022-10-27,
3305,Николаев,Иван,Петрович,2022-10-27,
3306,Николаев,Иван,Олегович,2022-10-27,
3307,Николаев,Иван,Маратович,2022-10-27,
3308,Николаев,Иван,Кузьмич,2022-10-27,
3309,Николаев,Иван,Анатольевич,2022-10-27,
3310,Николаев,Иван,Федотович,2022-10-27,
3311,Николаев,Степан,Иванович,2022-10-27,
3312,Николаев,Степан,Степанович,2022-10-27,
3313,Николаев,Степан,Васильевич,2022-10-27,
3314,Николаев,Степан,Федорович,2022-10-27,
3315,Николаев,Степан,Петрович,2022-10-27,
3316,Николаев,Степан,Олегович,2022-10-27,
3317,Николаев,Степан,Маратович,2022-10-27,
3318,Николаев,Степан,Кузьмич,2022-10-27,
3319,Николаев,Степан,Анатольевич,2022-10-27,
3320,Николаев,Степан,Федотович,2022-10-27,
3321,Николаев,Василий,Иванович,2022-10-27,
3322,Николаев,Василий,Степанович,2022-10-27,
3323,Николаев,Василий,Васильевич,2022-10-27,
3324,Николаев,Василий,Федорович,2022-10-27,
3325,Николаев,Василий,Петрович,2022-10-27,
3326,Николаев,Василий,Олегович,2022-10-27,
3327,Николаев,Василий,Маратович,2022-10-27,
3328,Николаев,Василий,Кузьмич,2022-10-27,
3329,Николаев,Василий,Анатольевич,2022-10-27,
3330,Николаев,Василий,Федотович,2022-10-27,
3331,Николаев,Федор,Иванович,2022-10-27,
3332,Николаев,Федор,Степанович,2022-10-27,
3333,Николаев,Федор,Васильевич,2022-10-27,
3334,Николаев,Федор,Федорович,2022-10-27,
3335,Николаев,Федор,Петрович,2022-10-27,
3336,Николаев,Федор,Олегович,2022-10-27,
3337,Николаев,Федор,Маратович,2022-10-27,
3338,Николаев,Федор,Кузьмич,2022-10-27,
3339,Николаев,Федор,Анатольевич,2022-10-27,
3340,Николаев,Федор,Федотович,2022-10-27,
3341,Николаев,Никита,Иванович,2022-10-27,
3342,Николаев,Никита,Степанович,2022-10-27,
3343,Николаев,Никита,Васильевич,2022-10-27,
3344,Николаев,Никита,Федорович,2022-10-27,
3345,Николаев,Никита,Петрович,2022-10-27,
3346,Николаев,Никита,Олегович,2022-10-27,
3347,Николаев,Никита,Маратович,2022-10-27,
3348,Николаев,Никита,Кузьмич,2022-10-27,
3349,Николаев,Никита,Анатольевич,2022-10-27,
3350,Николаев,Никита,Федотович,2022-10-27,
3351,Николаев,Петр,Иванович,2022-10-27,
3352,Николаев,Петр,Степанович,2022-10-27,
3353,Николаев,Петр,Васильевич,2022-10-27,
3354,Николаев,Петр,Федорович,2022-10-27,
3355,Николаев,Петр,Петрович,2022-10-27,
3356,Николаев,Петр,Олегович,2022-10-27,
3357,Николаев,Петр,Маратович,2022-10-27,
3358,Николаев,Петр,Кузьмич,2022-10-27,
3359,Николаев,Петр,Анатольевич,2022-10-27,
3360,Николаев,Петр,Федотович,2022-10-27,
3361,Николаев,Олег,Иванович,2022-10-27,
3362,Николаев,Олег,Степанович,2022-10-27,
3363,Николаев,Олег,Васильевич,2022-10-27,
3364,Николаев,Олег,Федорович,2022-10-27,
3365,Николаев,Олег,Петрович,2022-10-27,
3366,Николаев,Олег,Олегович,2022-10-27,
3367,Николаев,Олег,Маратович,2022-10-27,
3368,Николаев,Олег,Кузьмич,2022-10-27,
3369,Николаев,Олег,Анатольевич,2022-10-27,
3370,Николаев,Олег,Федотович,2022-10-27,
3371,Николаев,Федот,Иванович,2022-10-27,
3372,Николаев,Федот,Степанович,2022-10-27,
3373,Николаев,Федот,Васильевич,2022-10-27,
3374,Николаев,Федот,Федорович,2022-10-27,
3375,Николаев,Федот,Петрович,2022-10-27,
3376,Николаев,Федот,Олегович,2022-10-27,
3377,Николаев,Федот,Маратович,2022-10-27,
3378,Николаев,Федот,Кузьмич,2022-10-27,
3379,Николаев,Федот,Анатольевич,2022-10-27,
3380,Николаев,Федот,Федотович,2022-10-27,
3381,Николаев,Кузьма,Иванович,2022-10-27,
3382,Николаев,Кузьма,Степанович,2022-10-27,
3383,Николаев,Кузьма,Васильевич,2022-10-27,
3384,Николаев,Кузьма,Федорович,2022-10-27,
3385,Николаев,Кузьма,Петрович,2022-10-27,
3386,Николаев,Кузьма,Олегович,2022-10-27,
3387,Николаев,Кузьма,Маратович,2022-10-27,
3388,Николаев,Кузьма,Кузьмич,2022-10-27,
3389,Николаев,Кузьма,Анатольевич,2022-10-27,
3390,Николаев,Кузьма,Федотович,2022-10-27,
3391,Николаев,Лев,Иванович,2022-10-27,
3392,Николаев,Лев,Степанович,2022-10-27,
3393,Николаев,Лев,Васильевич,2022-10-27,
3394,Николаев,Лев,Федорович,2022-10-27,
3395,Николаев,Лев,Петрович,2022-10-27,
3396,Николаев,Лев,Олегович,2022-10-27,
3397,Николаев,Лев,Маратович,2022-10-27,
3398,Николаев,Лев,Кузьмич,2022-10-27,
3399,Николаев,Лев,Анатольевич,2022-10-27,
3400,Николаев,Лев,Федотович,2022-10-27,
3401,Степанов,Иван,Иванович,2022-10-27,
3402,Степанов,Иван,Степанович,2022-10-27,
3403,Степанов,Иван,Васильевич,2022-10-27,
3404,Степанов,Иван,Федорович,2022-10-27,
3405,Степанов,Иван,Петрович,2022-10-27,
3406,Степанов,Иван,Олегович,2022-10-27,
3407,Степанов,Иван,Маратович,2022-10-27,
3408,Степанов,Иван,Кузьмич,2022-10-27,
3409,Степанов,Иван,Анатольевич,2022-10-27,
3410,Степанов,Иван,Федотович,2022-10-27,
3411,Степанов,Степан,Иванович,2022-10-27,
3412,Степанов,Степан,Степанович,2022-10-27,
3413,Степанов,Степан,Васильевич,2022-10-27,
3414,Степанов,Степан,Федорович,2022-10-27,
3415,Степанов,Степан,Петрович,2022-10-27,
3416,Степанов,Степан,Олегович,2022-10-27,
3417,Степанов,Степан,Маратович,2022-10-27,
3418,Степанов,Степан,Кузьмич,2022-10-27,
3419,Степанов,Степан,Анатольевич,2022-10-27,
3420,Степанов,Степан,Федотович,2022-10-27,
3421,Степанов,Василий,Иванович,2022-10-27,
3422,Степанов,Василий,Степанович,2022-10-27,
3423,Степанов,Василий,Васильевич,2022-10-27,
3424,Степанов,Василий,Федорович,2022-10-27,
3425,Степанов,Василий,Петрович,2022-10-27,
3426,Степанов,Василий,Олегович,2022-10-27,
3427,Степанов,Василий,Маратович,2022-10-27,
3428,Степанов,Василий,Кузьмич,2022-10-27,
3429,Степанов,Василий,Анатольевич,2022-10-27,
3430,Степанов,Василий,Федотович,2022-10-27,
3431,Степанов,Федор,Иванович,2022-10-27,
3432,Степанов,Федор,Степанович,2022-10-27,
3433,Степанов,Федор,Васильевич,2022-10-27,
3434,Степанов,Федор,Федорович,2022-10-27,
3435,Степанов,Федор,Петрович,2022-10-27,
3436,Степанов,Федор,Олегович,2022-10-27,
3437,Степанов,Федор,Маратович,2022-10-27,
3438,Степанов,Федор,Кузьмич,2022-10-27,
3439,Степанов,Федор,Анатольевич,2022-10-27,
3440,Степанов,Федор,Федотович,2022-10-27,
3441,Степанов,Никита,Иванович,2022-10-27,
3442,Степанов,Никита,Степанович,2022-10-27,
3443,Степанов,Никита,Васильевич,2022-10-27,
3444,Степанов,Никита,Федорович,2022-10-27,
3445,Степанов,Никита,Петрович,2022-10-27,
3446,Степанов,Никита,Олегович,2022-10-27,
3447,Степанов,Никита,Маратович,2022-10-27,
3448,Степанов,Никита,Кузьмич,2022-10-27,
3449,Степанов,Никита,Анатольевич,2022-10-27,
3450,Степанов,Никита,Федотович,2022-10-27,
3451,Степанов,Петр,Иванович,2022-10-27,
3452,Степанов,Петр,Степанович,2022-10-27,
3453,Степанов,Петр,Васильевич,2022-10-27,
3454,Степанов,Петр,Федорович,2022-10-27,
3455,Степанов,Петр,Петрович,2022-10-27,
3456,Степанов,Петр,Олегович,2022-10-27,
3457,Степанов,Петр,Маратович,2022-10-27,
3458,Степанов,Петр,Кузьмич,2022-10-27,
3459,Степанов,Петр,Анатольевич,2022-10-27,
3460,Степанов,Петр,Федотович,2022-10-27,
3461,Степанов,Олег,Иванович,2022-10-27,
3462,Степанов,Олег,Степанович,2022-10-27,
3463,Степанов,Олег,Васильевич,2022-10-27,
3464,Степанов,Олег,Федорович,2022-10-27,
3465,Степанов,Олег,Петрович,2022-10-27,
3466,Степанов,Олег,Олегович,2022-10-27,
3467,Степанов,Олег,Маратович,2022-10-27,
3468,Степанов,Олег,Кузьмич,2022-10-27,
3469,Степанов,Олег,Анатольевич,2022-10-27,
3470,Степанов,Олег,Федотович,2022-10-27,
3471,Степанов,Федот,Иванович,2022-10-27,
3472,Степанов,Федот,Степанович,2022-10-27,
3473,Степанов,Федот,Васильевич,2022-10-27,
3474,Степанов,Федот,Федорович,2022-10-27,
3475,Степанов,Федот,Петрович,2022-10-27,
3476,Степанов,Федот,Олегович,2022-10-27,
3477,Степанов,Федот,Маратович,2022-10-27,
3478,Степанов,Федот,Кузьмич,2022-10-27,
3479,Степанов,Федот,Анатольевич,2022-10-27,
3480,Степанов,Федот,Федотович,2022-10-27,
3481,Степанов,Кузьма,Иванович,2022-10-27,
3482,Степанов,Кузьма,Степанович,2022-10-27,
3483,Степанов,Кузьма,Васильевич,2022-10-27,
3484,Степанов,Кузьма,Федорович,2022-10-27,
3485,Степанов,Кузьма,Петрович,2022-10-27,
3486,Степанов,Кузьма,Олегович,2022-10-27,
3487,Степанов,Кузьма,Маратович,2022-10-27,
3488,Степанов,Кузьма,Кузьмич,2022-10-27,
3489,Степанов,Кузьма,Анатольевич,2022-10-27,
3490,Степанов,Кузьма,Федотович,2022-10-27,
3491,Степанов,Лев,Иванович,2022-10-27,
3492,Степанов,Лев,Степанович,2022-10-27,
3493,Степанов,Лев,Васильевич,2022-10-27,
3494,Степанов,Лев,Федорович,2022-10-27,
3495,Степанов,Лев,Петрович,2022-10-27,
3496,Степанов,Лев,Олегович,2022-10-27,
3497,Степанов,Лев,Маратович,2022-10-27,
3498,Степанов,Лев,Кузьмич,2022-10-27,
3499,Степанов,Лев,Анатольевич,2022-10-27,
3500,Степанов,Лев,Федотович,2022-10-27,
3501,Лопухин,Иван,Иванович,2022-10-27,
3502,Лопухин,Иван,Степанович,2022-10-27,
3503,Лопухин,Иван,Васильевич,2022-10-27,
3504,Лопухин,Иван,Федорович,2022-10-27,
3505,Лопухин,Иван,Петрович,2022-10-27,
3506,Лопухин,Иван,Олегович,2022-10-27,
3507,Лопухин,Иван,Маратович,2022-10-27,
3508,Лопухин,Иван,Кузьмич,2022-10-27,
3509,Лопухин,Иван,Анатольевич,2022-10-27,
3510,Лопухин,Иван,Федотович,2022-10-27,
3511,Лопухин,Степан,Иванович,2022-10-27,
3512,Лопухин,Степан,Степанович,2022-10-27,
3513,Лопухин,Степан,Васильевич,2022-10-27,
3514,Лопухин,Степан,Федорович,2022-10-27,
3515,Лопухин,Степан,Петрович,2022-10-27,
3516,Лопухин,Степан,Олегович,2022-10-27,
3517,Лопухин,Степан,Маратович,2022-10-27,
3518,Лопухин,Степан,Кузьмич,2022-10-27,
3519,Лопухин,Степан,Анатольевич,2022-10-27,
3520,Лопухин,Степан,Федотович,2022-10-27,
3521,Лопухин,Василий,Иванович,2022-10-27,
3522,Лопухин,Василий,Степанович,2022-10-27,
3523,Лопухин,Василий,Васильевич,2022-10-27,
3524,Лопухин,Василий,Федорович,2022-10-27,
3525,Лопухин,Василий,Петрович,2022-10-27,
3526,Лопухин,Василий,Олегович,2022-10-27,
3527,Лопухин,Василий,Маратович,2022-10-27,
3528,Лопухин,Василий,Кузьмич,2022-10-27,
3529,Лопухин,Василий,Анатольевич,2022-10-27,
3530,Лопухин,Василий,Федотович,2022-10-27,
3531,Лопухин,Федор,Иванович,2022-10-27,
3532,Лопухин,Федор,Степанович,2022-10-27,
3533,Лопухин,Федор,Васильевич,2022-10-27,
3534,Лопухин,Федор,Федорович,2022-10-27,
3535,Лопухин,Федор,Петрович,2022-10-27,
3536,Лопухин,Федор,Олегович,2022-10-27,
3537,Лопухин,Федор,Маратович,2022-10-27,
3538,Лопухин,Федор,Кузьмич,2022-10-27,
3539,Лопухин,Федор,Анатольевич,2022-10-27,
3540,Лопухин,Федор,Федотович,2022-10-27,
3541,Лопухин,Никита,Иванович,2022-10-27,
3542,Лопухин,Никита,Степанович,2022-10-27,
3543,Лопухин,Никита,Васильевич,2022-10-27,
3544,Лопухин,Никита,Федорович,2022-10-27,
3545,Лопухин,Никита,Петрович,2022-10-27,
3546,Лопухин,Никита,Олегович,2022-10-27,
3547,Лопухин,Никита,Маратович,2022-10-27,
3548,Лопухин,Никита,Кузьмич,2022-10-27,
3549,Лопухин,Никита,Анатольевич,2022-10-27,
3550,Лопухин,Никита,Федотович,2022-10-27,
3551,Лопухин,Петр,Иванович,2022-10-27,
3552,Лопухин,Петр,Степанович,2022-10-27,
3553,Лопухин,Петр,Васильевич,2022-10-27,
3554,Лопухин,Петр,Федорович,2022-10-27,
3555,Лопухин,Петр,Петрович,2022-10-27,
3556,Лопухин,Петр,Олегович,2022-10-27,
3557,Лопухин,Петр,Маратович,2022-10-27,
3558,Лопухин,Петр,Кузьмич,2022-10-27,
3559,Лопухин,Петр,Анатольевич,2022-10-27,
3560,Лопухин,Петр,Федотович,2022-10-27,
3561,Лопухин,Олег,Иванович,2022-10-27,
3562,Лопухин,Олег,Степанович,2022-10-27,
3563,Лопухин,Олег,Васильевич,2022-10-27,
3564,Лопухин,Олег,Федорович,2022-10-27,
3565,Лопухин,Олег,Петрович,2022-10-27,
3566,Лопухин,Олег,Олегович,2022-10-27,
3567,Лопухин,Олег,Маратович,2022-10-27,
3568,Лопухин,Олег,Кузьмич,2022-10-27,
3569,Лопухин,Олег,Анатольевич,2022-10-27,
3570,Лопухин,Олег,Федотович,2022-10-27,
3571,Лопухин,Федот,Иванович,2022-10-27,
3572,Лопухин,Федот,Степанович,2022-10-27,
3573,Лопухин,Федот,Васильевич,2022-10-27,
3574,Лопухин,Федот,Федорович,2022-10-27,
3575,Лопухин,Федот,Петрович,2022-10-27,
3576,Лопухин,Федот,Олегович,2022-10-27,
3577,Лопухин,Федот,Маратович,2022-10-27,
3578,Лопухин,Федот,Кузьмич,2022-10-27,
3579,Лопухин,Федот,Анатольевич,2022-10-27,
3580,Лопухин,Федот,Федотович,2022-10-27,
3581,Лопухин,Кузьма,Иванович,2022-10-27,
3582,Лопухин,Кузьма,Степанович,2022-10-27,
3583,Лопухин,Кузьма,Васильевич,2022-10-27,
3584,Лопухин,Кузьма,Федорович,2022-10-27,
3585,Лопухин,Кузьма,Петрович,2022-10-27,
3586,Лопухин,Кузьма,Олегович,2022-10-27,
3587,Лопухин,Кузьма,Маратович,2022-10-27,
3588,Лопухин,Кузьма,Кузьмич,2022-10-27,
3589,Лопухин,Кузьма,Анатольевич,2022-10-27,
3590,Лопухин,Кузьма,Федотович,2022-10-27,
3591,Лопухин,Лев,Иванович,2022-10-27,
3592,Лопухин,Лев,Степанович,2022-10-27,
3593,Лопухин,Лев,Васильевич,2022-10-27,
3594,Лопухин,Лев,Федорович,2022-10-27,
3595,Лопухин,Лев,Петрович,2022-10-27,
3596,Лопухин,Лев,Олегович,2022-10-27,
3597,Лопухин,Лев,Маратович,2022-10-27,
3598,Лопухин,Лев,Кузьмич,2022-10-27,
3599,Лопухин,Лев,Анатольевич,2022-10-27,
3600,Лопухин,Лев,Федотович,2022-10-27,
3601,Васильев,Иван,Иванович,2022-10-27,
3602,Васильев,Иван,Степанович,2022-10-27,
3603,Васильев,Иван,Васильевич,2022-10-27,
3604,Васильев,Иван,Федорович,2022-10-27,
3605,Васильев,Иван,Петрович,2022-10-27,
3606,Васильев,Иван,Олегович,2022-10-27,
3607,Васильев,Иван,Маратович,2022-10-27,
3608,Васильев,Иван,Кузьмич,2022-10-27,
3609,Васильев,Иван,Анатольевич,2022-10-27,
3610,Васильев,Иван,Федотович,2022-10-27,
3611,Васильев,Степан,Иванович,2022-10-27,
3612,Васильев,Степан,Степанович,2022-10-27,
3613,Васильев,Степан,Васильевич,2022-10-27,
3614,Васильев,Степан,Федорович,2022-10-27,
3615,Васильев,Степан,Петрович,2022-10-27,
3616,Васильев,Степан,Олегович,2022-10-27,
3617,Васильев,Степан,Маратович,2022-10-27,
3618,Васильев,Степан,Кузьмич,2022-10-27,
3619,Васильев,Степан,Анатольевич,2022-10-27,
3620,Васильев,Степан,Федотович,2022-10-27,
3621,Васильев,Василий,Иванович,2022-10-27,
3622,Васильев,Василий,Степанович,2022-10-27,
3623,Васильев,Василий,Васильевич,2022-10-27,
3624,Васильев,Василий,Федорович,2022-10-27,
3625,Васильев,Василий,Петрович,2022-10-27,
3626,Васильев,Василий,Олегович,2022-10-27,
3627,Васильев,Василий,Маратович,2022-10-27,
3628,Васильев,Василий,Кузьмич,2022-10-27,
3629,Васильев,Василий,Анатольевич,2022-10-27,
3630,Васильев,Василий,Федотович,2022-10-27,
3631,Васильев,Федор,Иванович,2022-10-27,
3632,Васильев,Федор,Степанович,2022-10-27,
3633,Васильев,Федор,Васильевич,2022-10-27,
3634,Васильев,Федор,Федорович,2022-10-27,
3635,Васильев,Федор,Петрович,2022-10-27,
3636,Васильев,Федор,Олегович,2022-10-27,
3637,Васильев,Федор,Маратович,2022-10-27,
3638,Васильев,Федор,Кузьмич,2022-10-27,
3639,Васильев,Федор,Анатольевич,2022-10-27,
3640,Васильев,Федор,Федотович,2022-10-27,
3641,Васильев,Никита,Иванович,2022-10-27,
3642,Васильев,Никита,Степанович,2022-10-27,
3643,Васильев,Никита,Васильевич,2022-10-27,
3644,Васильев,Никита,Федорович,2022-10-27,
3645,Васильев,Никита,Петрович,2022-10-27,
3646,Васильев,Никита,Олегович,2022-10-27,
3647,Васильев,Никита,Маратович,2022-10-27,
3648,Васильев,Никита,Кузьмич,2022-10-27,
3649,Васильев,Никита,Анатольевич,2022-10-27,
3650,Васильев,Никита,Федотович,2022-10-27,
3651,Васильев,Петр,Иванович,2022-10-27,
3652,Васильев,Петр,Степанович,2022-10-27,
3653,Васильев,Петр,Васильевич,2022-10-27,
3654,Васильев,Петр,Федорович,2022-10-27,
3655,Васильев,Петр,Петрович,2022-10-27,
3656,Васильев,Петр,Олегович,2022-10-27,
3657,Васильев,Петр,Маратович,2022-10-27,
3658,Васильев,Петр,Кузьмич,2022-10-27,
3659,Васильев,Петр,Анатольевич,2022-10-27,
3660,Васильев,Петр,Федотович,2022-10-27,
3661,Васильев,Олег,Иванович,2022-10-27,
3662,Васильев,Олег,Степанович,2022-10-27,
3663,Васильев,Олег,Васильевич,2022-10-27,
3664,Васильев,Олег,Федорович,2022-10-27,
3665,Васильев,Олег,Петрович,2022-10-27,
3666,Васильев,Олег,Олегович,2022-10-27,
3667,Васильев,Олег,Маратович,2022-10-27,
3668,Васильев,Олег,Кузьмич,2022-10-27,
3669,Васильев,Олег,Анатольевич,2022-10-27,
3670,Васильев,Олег,Федотович,2022-10-27,
3671,Васильев,Федот,Иванович,2022-10-27,
3672,Васильев,Федот,Степанович,2022-10-27,
3673,Васильев,Федот,Васильевич,2022-10-27,
3674,Васильев,Федот,Федорович,2022-10-27,
3675,Васильев,Федот,Петрович,2022-10-27,
3676,Васильев,Федот,Олегович,2022-10-27,
3677,Васильев,Федот,Маратович,2022-10-27,
3678,Васильев,Федот,Кузьмич,2022-10-27,
3679,Васильев,Федот,Анатольевич,2022-10-27,
3680,Васильев,Федот,Федотович,2022-10-27,
3681,Васильев,Кузьма,Иванович,2022-10-27,
3682,Васильев,Кузьма,Степанович,2022-10-27,
3683,Васильев,Кузьма,Васильевич,2022-10-27,
3684,Васильев,Кузьма,Федорович,2022-10-27,
3685,Васильев,Кузьма,Петрович,2022-10-27,
3686,Васильев,Кузьма,Олегович,2022-10-27,
3687,Васильев,Кузьма,Маратович,2022-10-27,
3688,Васильев,Кузьма,Кузьмич,2022-10-27,
3689,Васильев,Кузьма,Анатольевич,2022-10-27,
3690,Васильев,Кузьма,Федотович,2022-10-27,
3691,Васильев,Лев,Иванович,2022-10-27,
3692,Васильев,Лев,Степанович,2022-10-27,
3693,Васильев,Лев,Васильевич,2022-10-27,
3694,Васильев,Лев,Федорович,2022-10-27,
3695,Васильев,Лев,Петрович,2022-10-27,
3696,Васильев,Лев,Олегович,2022-10-27,
3697,Васильев,Лев,Маратович,2022-10-27,
3698,Васильев,Лев,Кузьмич,2022-10-27,
3699,Васильев,Лев,Анатольевич,2022-10-27,
3700,Васильев,Лев,Федотович,2022-10-27,
3701,Томилов,Иван,Иванович,2022-10-27,
3702,Томилов,Иван,Степанович,2022-10-27,
3703,Томилов,Иван,Васильевич,2022-10-27,
3704,Томилов,Иван,Федорович,2022-10-27,
3705,Томилов,Иван,Петрович,2022-10-27,
3706,Томилов,Иван,Олегович,2022-10-27,
3707,Томилов,Иван,Маратович,2022-10-27,
3708,Томилов,Иван,Кузьмич,2022-10-27,
3709,Томилов,Иван,Анатольевич,2022-10-27,
3710,Томилов,Иван,Федотович,2022-10-27,
3711,Томилов,Степан,Иванович,2022-10-27,
3712,Томилов,Степан,Степанович,2022-10-27,
3713,Томилов,Степан,Васильевич,2022-10-27,
3714,Томилов,Степан,Федорович,2022-10-27,
3715,Томилов,Степан,Петрович,2022-10-27,
3716,Томилов,Степан,Олегович,2022-10-27,
3717,Томилов,Степан,Маратович,2022-10-27,
3718,Томилов,Степан,Кузьмич,2022-10-27,
3719,Томилов,Степан,Анатольевич,2022-10-27,
3720,Томилов,Степан,Федотович,2022-10-27,
3721,Томилов,Василий,Иванович,2022-10-27,
3722,Томилов,Василий,Степанович,2022-10-27,
3723,Томилов,Василий,Васильевич,2022-10-27,
3724,Томилов,Василий,Федорович,2022-10-27,
3725,Томилов,Василий,Петрович,2022-10-27,
3726,Томилов,Василий,Олегович,2022-10-27,
3727,Томилов,Василий,Маратович,2022-10-27,
3728,Томилов,Василий,Кузьмич,2022-10-27,
3729,Томилов,Василий,Анатольевич,2022-10-27,
3730,Томилов,Василий,Федотович,2022-10-27,
3731,Томилов,Федор,Иванович,2022-10-27,
3732,Томилов,Федор,Степанович,2022-10-27,
3733,Томилов,Федор,Васильевич,2022-10-27,
3734,Томилов,Федор,Федорович,2022-10-27,
3735,Томилов,Федор,Петрович,2022-10-27,
3736,Томилов,Федор,Олегович,2022-10-27,
3737,Томилов,Федор,Маратович,2022-10-27,
3738,Томилов,Федор,Кузьмич,2022-10-27,
3739,Томилов,Федор,Анатольевич,2022-10-27,
3740,Томилов,Федор,Федотович,2022-10-27,
3741,Томилов,Никита,Иванович,2022-10-27,
3742,Томилов,Никита,Степанович,2022-10-27,
3743,Томилов,Никита,Васильевич,2022-10-27,
3744,Томилов,Никита,Федорович,2022-10-27,
3745,Томилов,Никита,Петрович,2022-10-27,
3746,Томилов,Никита,Олегович,2022-10-27,
3747,Томилов,Никита,Маратович,2022-10-27,
3748,Томилов,Никита,Кузьмич,2022-10-27,
3749,Томилов,Никита,Анатольевич,2022-10-27,
3750,Томилов,Никита,Федотович,2022-10-27,
3751,Томилов,Петр,Иванович,2022-10-27,
3752,Томилов,Петр,Степанович,2022-10-27,
3753,Томилов,Петр,Васильевич,2022-10-27,
3754,Томилов,Петр,Федорович,2022-10-27,
3755,Томилов,Петр,Петрович,2022-10-27,
3756,Томилов,Петр,Олегович,2022-10-27,
3757,Томилов,Петр,Маратович,2022-10-27,
3758,Томилов,Петр,Кузьмич,2022-10-27,
3759,Томилов,Петр,Анатольевич,2022-10-27,
3760,Томилов,Петр,Федотович,2022-10-27,
3761,Томилов,Олег,Иванович,2022-10-27,
3762,Томилов,Олег,Степанович,2022-10-27,
3763,Томилов,Олег,Васильевич,2022-10-27,
3764,Томилов,Олег,Федорович,2022-10-27,
3765,Томилов,Олег,Петрович,2022-10-27,
3766,Томилов,Олег,Олегович,2022-10-27,
3767,Томилов,Олег,Маратович,2022-10-27,
3768,Томилов,Олег,Кузьмич,2022-10-27,
3769,Томилов,Олег,Анатольевич,2022-10-27,
3770,Томилов,Олег,Федотович,2022-10-27,
3771,Томилов,Федот,Иванович,2022-10-27,
3772,Томилов,Федот,Степанович,2022-10-27,
3773,Томилов,Федот,Васильевич,2022-10-27,
3774,Томилов,Федот,Федорович,2022-10-27,
3775,Томилов,Федот,Петрович,2022-10-27,
3776,Томилов,Федот,Олегович,2022-10-27,
3777,Томилов,Федот,Маратович,2022-10-27,
3778,Томилов,Федот,Кузьмич,2022-10-27,
3779,Томилов,Федот,Анатольевич,2022-10-27,
3780,Томилов,Федот,Федотович,2022-10-27,
3781,Томилов,Кузьма,Иванович,2022-10-27,
3782,Томилов,Кузьма,Степанович,2022-10-27,
3783,Томилов,Кузьма,Васильевич,2022-10-27,
3784,Томилов,Кузьма,Федорович,2022-10-27,
3785,Томилов,Кузьма,Петрович,2022-10-27,
3786,Томилов,Кузьма,Олегович,2022-10-27,
3787,Томилов,Кузьма,Маратович,2022-10-27,
3788,Томилов,Кузьма,Кузьмич,2022-10-27,
3789,Томилов,Кузьма,Анатольевич,2022-10-27,
3790,Томилов,Кузьма,Федотович,2022-10-27,
3791,Томилов,Лев,Иванович,2022-10-27,
3792,Томилов,Лев,Степанович,2022-10-27,
3793,Томилов,Лев,Васильевич,2022-10-27,
3794,Томилов,Лев,Федорович,2022-10-27,
3795,Томилов,Лев,Петрович,2022-10-27,
3796,Томилов,Лев,Олегович,2022-10-27,
3797,Томилов,Лев,Маратович,2022-10-27,
3798,Томилов,Лев,Кузьмич,2022-10-27,
3799,Томилов,Лев,Анатольевич,2022-10-27,
3800,Томилов,Лев,Федотович,2022-10-27,
3801,Локтев,Иван,Иванович,2022-10-27,
3802,Локтев,Иван,Степанович,2022-10-27,
3803,Локтев,Иван,Васильевич,2022-10-27,
3804,Локтев,Иван,Федорович,2022-10-27,
3805,Локтев,Иван,Петрович,2022-10-27,
3806,Локтев,Иван,Олегович,2022-10-27,
3807,Локтев,Иван,Маратович,2022-10-27,
3808,Локтев,Иван,Кузьмич,2022-10-27,
3809,Локтев,Иван,Анатольевич,2022-10-27,
3810,Локтев,Иван,Федотович,2022-10-27,
3811,Локтев,Степан,Иванович,2022-10-27,
3812,Локтев,Степан,Степанович,2022-10-27,
3813,Локтев,Степан,Васильевич,2022-10-27,
3814,Локтев,Степан,Федорович,2022-10-27,
3815,Локтев,Степан,Петрович,2022-10-27,
3816,Локтев,Степан,Олегович,2022-10-27,
3817,Локтев,Степан,Маратович,2022-10-27,
3818,Локтев,Степан,Кузьмич,2022-10-27,
3819,Локтев,Степан,Анатольевич,2022-10-27,
3820,Локтев,Степан,Федотович,2022-10-27,
3821,Локтев,Василий,Иванович,2022-10-27,
3822,Локтев,Василий,Степанович,2022-10-27,
3823,Локтев,Василий,Васильевич,2022-10-27,
3824,Локтев,Василий,Федорович,2022-10-27,
3825,Локтев,Василий,Петрович,2022-10-27,
3826,Локтев,Василий,Олегович,2022-10-27,
3827,Локтев,Василий,Маратович,2022-10-27,
3828,Локтев,Василий,Кузьмич,2022-10-27,
3829,Локтев,Василий,Анатольевич,2022-10-27,
3830,Локтев,Василий,Федотович,2022-10-27,
3831,Локтев,Федор,Иванович,2022-10-27,
3832,Локтев,Федор,Степанович,2022-10-27,
3833,Локтев,Федор,Васильевич,2022-10-27,
3834,Локтев,Федор,Федорович,2022-10-27,
3835,Локтев,Федор,Петрович,2022-10-27,
3836,Локтев,Федор,Олегович,2022-10-27,
3837,Локтев,Федор,Маратович,2022-10-27,
3838,Локтев,Федор,Кузьмич,2022-10-27,
3839,Локтев,Федор,Анатольевич,2022-10-27,
3840,Локтев,Федор,Федотович,2022-10-27,
3841,Локтев,Никита,Иванович,2022-10-27,
3842,Локтев,Никита,Степанович,2022-10-27,
3843,Локтев,Никита,Васильевич,2022-10-27,
3844,Локтев,Никита,Федорович,2022-10-27,
3845,Локтев,Никита,Петрович,2022-10-27,
3846,Локтев,Никита,Олегович,2022-10-27,
3847,Локтев,Никита,Маратович,2022-10-27,
3848,Локтев,Никита,Кузьмич,2022-10-27,
3849,Локтев,Никита,Анатольевич,2022-10-27,
3850,Локтев,Никита,Федотович,2022-10-27,
3851,Локтев,Петр,Иванович,2022-10-27,
3852,Локтев,Петр,Степанович,2022-10-27,
3853,Локтев,Петр,Васильевич,2022-10-27,
3854,Локтев,Петр,Федорович,2022-10-27,
3855,Локтев,Петр,Петрович,2022-10-27,
3856,Локтев,Петр,Олегович,2022-10-27,
3857,Локтев,Петр,Маратович,2022-10-27,
3858,Локтев,Петр,Кузьмич,2022-10-27,
3859,Локтев,Петр,Анатольевич,2022-10-27,
3860,Локтев,Петр,Федотович,2022-10-27,
3861,Локтев,Олег,Иванович,2022-10-27,
3862,Локтев,Олег,Степанович,2022-10-27,
3863,Локтев,Олег,Васильевич,2022-10-27,
3864,Локтев,Олег,Федорович,2022-10-27,
3865,Локтев,Олег,Петрович,2022-10-27,
3866,Локтев,Олег,Олегович,2022-10-27,
3867,Локтев,Олег,Маратович,2022-10-27,
3868,Локтев,Олег,Кузьмич,2022-10-27,
3869,Локтев,Олег,Анатольевич,2022-10-27,
3870,Локтев,Олег,Федотович,2022-10-27,
3871,Локтев,Федот,Иванович,2022-10-27,
3872,Локтев,Федот,Степанович,2022-10-27,
3873,Локтев,Федот,Васильевич,2022-10-27,
3874,Локтев,Федот,Федорович,2022-10-27,
3875,Локтев,Федот,Петрович,2022-10-27,
3876,Локтев,Федот,Олегович,2022-10-27,
3877,Локтев,Федот,Маратович,2022-10-27,
3878,Локтев,Федот,Кузьмич,2022-10-27,
3879,Локтев,Федот,Анатольевич,2022-10-27,
3880,Локтев,Федот,Федотович,2022-10-27,
3881,Локтев,Кузьма,Иванович,2022-10-27,
3882,Локтев,Кузьма,Степанович,2022-10-27,
3883,Локтев,Кузьма,Васильевич,2022-10-27,
3884,Локтев,Кузьма,Федорович,2022-10-27,
3885,Локтев,Кузьма,Петрович,2022-10-27,
3886,Локтев,Кузьма,Олегович,2022-10-27,
3887,Локтев,Кузьма,Маратович,2022-10-27,
3888,Локтев,Кузьма,Кузьмич,2022-10-27,
3889,Локтев,Кузьма,Анатольевич,2022-10-27,
3890,Локтев,Кузьма,Федотович,2022-10-27,
3891,Локтев,Лев,Иванович,2022-10-27,
3892,Локтев,Лев,Степанович,2022-10-27,
3893,Локтев,Лев,Васильевич,2022-10-27,
3894,Локтев,Лев,Федорович,2022-10-27,
3895,Локтев,Лев,Петрович,2022-10-27,
3896,Локтев,Лев,Олегович,2022-10-27,
3897,Локтев,Лев,Маратович,2022-10-27,
3898,Локтев,Лев,Кузьмич,2022-10-27,
3899,Локтев,Лев,Анатольевич,2022-10-27,
3900,Локтев,Лев,Федотович,2022-10-27,
3901,Ванин,Иван,Иванович,2022-10-27,
3902,Ванин,Иван,Степанович,2022-10-27,
3903,Ванин,Иван,Васильевич,2022-10-27,
3904,Ванин,Иван,Федорович,2022-10-27,
3905,Ванин,Иван,Петрович,2022-10-27,
3906,Ванин,Иван,Олегович,2022-10-27,
3907,Ванин,Иван,Маратович,2022-10-27,
3908,Ванин,Иван,Кузьмич,2022-10-27,
3909,Ванин,Иван,Анатольевич,2022-10-27,
3910,Ванин,Иван,Федотович,2022-10-27,
3911,Ванин,Степан,Иванович,2022-10-27,
3912,Ванин,Степан,Степанович,2022-10-27,
3913,Ванин,Степан,Васильевич,2022-10-27,
3914,Ванин,Степан,Федорович,2022-10-27,
3915,Ванин,Степан,Петрович,2022-10-27,
3916,Ванин,Степан,Олегович,2022-10-27,
3917,Ванин,Степан,Маратович,2022-10-27,
3918,Ванин,Степан,Кузьмич,2022-10-27,
3919,Ванин,Степан,Анатольевич,2022-10-27,
3920,Ванин,Степан,Федотович,2022-10-27,
3921,Ванин,Василий,Иванович,2022-10-27,
3922,Ванин,Василий,Степанович,2022-10-27,
3923,Ванин,Василий,Васильевич,2022-10-27,
3924,Ванин,Василий,Федорович,2022-10-27,
3925,Ванин,Василий,Петрович,2022-10-27,
3926,Ванин,Василий,Олегович,2022-10-27,
3927,Ванин,Василий,Маратович,2022-10-27,
3928,Ванин,Василий,Кузьмич,2022-10-27,
3929,Ванин,Василий,Анатольевич,2022-10-27,
3930,Ванин,Василий,Федотович,2022-10-27,
3931,Ванин,Федор,Иванович,2022-10-27,
3932,Ванин,Федор,Степанович,2022-10-27,
3933,Ванин,Федор,Васильевич,2022-10-27,
3934,Ванин,Федор,Федорович,2022-10-27,
3935,Ванин,Федор,Петрович,2022-10-27,
3936,Ванин,Федор,Олегович,2022-10-27,
3937,Ванин,Федор,Маратович,2022-10-27,
3938,Ванин,Федор,Кузьмич,2022-10-27,
3939,Ванин,Федор,Анатольевич,2022-10-27,
3940,Ванин,Федор,Федотович,2022-10-27,
3941,Ванин,Никита,Иванович,2022-10-27,
3942,Ванин,Никита,Степанович,2022-10-27,
3943,Ванин,Никита,Васильевич,2022-10-27,
3944,Ванин,Никита,Федорович,2022-10-27,
3945,Ванин,Никита,Петрович,2022-10-27,
3946,Ванин,Никита,Олегович,2022-10-27,
3947,Ванин,Никита,Маратович,2022-10-27,
3948,Ванин,Никита,Кузьмич,2022-10-27,
3949,Ванин,Никита,Анатольевич,2022-10-27,
3950,Ванин,Никита,Федотович,2022-10-27,
3951,Ванин,Петр,Иванович,2022-10-27,
3952,Ванин,Петр,Степанович,2022-10-27,
3953,Ванин,Петр,Васильевич,2022-10-27,
3954,Ванин,Петр,Федорович,2022-10-27,
3955,Ванин,Петр,Петрович,2022-10-27,
3956,Ванин,Петр,Олегович,2022-10-27,
3957,Ванин,Петр,Маратович,2022-10-27,
3958,Ванин,Петр,Кузьмич,2022-10-27,
3959,Ванин,Петр,Анатольевич,2022-10-27,
3960,Ванин,Петр,Федотович,2022-10-27,
3961,Ванин,Олег,Иванович,2022-10-27,
3962,Ванин,Олег,Степанович,2022-10-27,
3963,Ванин,Олег,Васильевич,2022-10-27,
3964,Ванин,Олег,Федорович,2022-10-27,
3965,Ванин,Олег,Петрович,2022-10-27,
3966,Ванин,Олег,Олегович,2022-10-27,
3967,Ванин,Олег,Маратович,2022-10-27,
3968,Ванин,Олег,Кузьмич,2022-10-27,
3969,Ванин,Олег,Анатольевич,2022-10-27,
3970,Ванин,Олег,Федотович,2022-10-27,
3971,Ванин,Федот,Иванович,2022-10-27,
3972,Ванин,Федот,Степанович,2022-10-27,
3973,Ванин,Федот,Васильевич,2022-10-27,
3974,Ванин,Федот,Федорович,2022-10-27,
3975,Ванин,Федот,Петрович,2022-10-27,
3976,Ванин,Федот,Олегович,2022-10-27,
3977,Ванин,Федот,Маратович,2022-10-27,
3978,Ванин,Федот,Кузьмич,2022-10-27,
3979,Ванин,Федот,Анатольевич,2022-10-27,
3980,Ванин,Федот,Федотович,2022-10-27,
3981,Ванин,Кузьма,Иванович,2022-10-27,
3982,Ванин,Кузьма,Степанович,2022-10-27,
3983,Ванин,Кузьма,Васильевич,2022-10-27,
3984,Ванин,Кузьма,Федорович,2022-10-27,
3985,Ванин,Кузьма,Петрович,2022-10-27,
3986,Ванин,Кузьма,Олегович,2022-10-27,
3987,Ванин,Кузьма,Маратович,2022-10-27,
3988,Ванин,Кузьма,Кузьмич,2022-10-27,
3989,Ванин,Кузьма,Анатольевич,2022-10-27,
3990,Ванин,Кузьма,Федотович,2022-10-27,
3991,Ванин,Лев,Иванович,2022-10-27,
3992,Ванин,Лев,Степанович,2022-10-27,
3993,Ванин,Лев,Васильевич,2022-10-27,
3994,Ванин,Лев,Федорович,2022-10-27,
3995,Ванин,Лев,Петрович,2022-10-27,
3996,Ванин,Лев,Олегович,2022-10-27,
3997,Ванин,Лев,Маратович,2022-10-27,
3998,Ванин,Лев,Кузьмич,2022-10-27,
3999,Ванин,Лев,Анатольевич,2022-10-27,
4000,Ванин,Лев,Федотович,2022-10-27,
3001,Иванов,Иван,Иванович,2022-10-27,del
